"BROKEN","EPIC","FAILED","FEATURE","PASSED","SKIPPED","STORY","UNKNOWN"
"0","Authors API","1","POST Edge Cases","1","0","","0"
"0","Books API","2","PUT Edge Cases","2","0","","0"
"0","Authors API","2","PUT Edge Cases","1","0","","0"
"0","Books API","0","GET Books","2","0","","0"
"0","Books API","1","POST Edge Cases","3","0","","0"
"0","Books API","0","GET Edge Cases","1","0","","0"
"0","Books API","0","Create and Delete Book","1","0","","0"
"0","Authors API","0","Update Author","1","0","","0"
"0","Books API","1","DELETE Edge Cases","0","0","","0"
"0","Authors API","0","GET Authors","2","0","","0"
"0","Authors API","1","DELETE Edge Cases","0","0","","0"
"0","Authors API","0","GET Edge Cases","1","0","","0"
"0","Books API","0","Update Book","1","0","","0"
"0","Authors API","0","Create and Delete Author","1","0","","0"
